A283F5,Пудра,Пудра для лица, MAC studio fix powder plus foundation,11,,10,3200,0000,3,17,1,1,25
B782T5,Пудра,Компактная пудра с эффектом сияния, MAC extra dimension skinfinish,11,,10,3200,0000,3,15,1,2,15
C672R4,Палетка,Палетка для сияния лица, DIOR BACKSTAGE glow face palette,9,,7,3200,0000,3,12,1,1,10
D672R5,Тушь для ресниц,Тушь для ресниц влагостойкая,VIVIENNE SABO cabaret latex,1,,1,500,0000,2,17,1,1,15
D682R2,Скульптор лица,Скульптор для лица, ESTRADE mon secret,8,,6,250,0000,4,14,1,2,5
G729T5,Тушь для ресниц,Тушь для ресниц со сценическим эффектом, VIVIENNE SABO cabaret premiere,1,G729T5.jpg,1,400,0000,2,14,1,2,15
G892T6,Гель для бровей,VIVIENNE SABO HAUTE COUTURE FIXATEUR BROW&LASH FIXING GEL,2,G892T6.jpg,1,384,0000,2,13,1,2,15
H198T5,Карандаш для губ,Карандаш для губ, PUPA true lips,7,H198T5.jpg,5,500,0000,2,16,1,1,15
H782R4,Тушь для ресниц,Суперобъемная тушь для ресниц, ART-VISAGE chicago,1,,4,300,0000,2,5,1,1,15
H792T5,Помада,Жидкая губная помада, SIGMA BEAUTY liquid lipstick,5,H792T5.jpg,1,1500,0000,3,16,1,1,25
H936R5,Тени для бровей,VIVIENNE SABO BROW ARCADE EYEBROW SHADOW DUO,3,H936R5.jpg,1,380,0000,4,21,1,2,20
J892T5,Крем,BB 10, ERBORIAN bb creme,10,,8,4000,0000,4,7,1,2,5
K782T5,Подводка,Подводка-фломастер для глаз, ART-VISAGE cat eyes,6,K782T5.jpg,4,3255,0000,3,7,1,2,30
K892T6,Тени для век,ПАЛИТРА ТЕНЕЙ ДЛЯ ВЕК С ЭФФЕКТОМ ЕСТЕСТВЕННОГО СИЯНИЯ,3,K892T6.jpg,3,3630,0000,4,8,1,1,20
K902F4,Тени для век,Палетка для контурирования лица, SIGMA BEAUTY sculpt highlight + contour palette,3,,1,3700,0000,3,24,1,2,10
K902R5,Пудра,Пудра-компакт, DARLING* plush air,11,,11,1215,0000,4,13,1,2,15
K921G6,Скульптор лица,Тройная палетка для скульптурирования, NYX PROFESSIONAL MAKEUP 3 steps to sculpt face sculpting palette,8,,9,700,0000,4,6,1,1,40
K963R5,Масло для губ,Масло для губ, ESTRADE treatment lip oil,5,,6,180,0000,2,0,1,2,5
L726D4,Румяна,Румяна для лица, MAC sheertone blush,12,,10,2300,0000,2,9,1,2,15
L902F5,Румяна,Кремовые румяна, ART-VISAGE cream blushf,12,,4,324,0000,3,7,1,2,5
M788G5,Румяна,Румяна для лица, MAC mineralize blush,12,,10,2790,0000,2,23,1,1,30
N725R4,13,Устойчивый 13, MAC kajal crayon,13,,10,1990,0000,3,4,1,2,15
N826F5,Минеральная пудра,Минеральная прозрачная пудра для фиксации макияжа, NYX PROFESSIONAL MAKEUP studio finishing powder shade,11,,9,1000,0000,4,15,1,1,10
S672R5,Масло для губ,Масло-тинт для губ, DARLING* lava lamp,5,,11,2000,0000,5,17,1,1,15
U933T6,Кисть для макияжа,УНИВЕРСАЛЬНАЯ КИСТЬ КАБУКИ, SIGMA BEAUTY 3dhd® kabuki,4,U933T6.jpg,1,1900,0000,2,4,1,2,30
V627S4,Крем,CC крем "Абсолютное совершенство"", cc color correcting cream",10,F683T5.jpg,8,1237,0000,2,13,1,2,5
V672S5,Жидкие тени,Жидкие тени-глиттер для век,DARLING* soul sisters,3,,11,810,0000,4,9,1,2,30
Y276S4,Пудра,Перламутровая пудра, MAC mineralize skinfinish,11,,10,3190,0000,2,15,1,1,10
А112Т4,Тушь для ресниц,SIGMA BEAUTY sinuosity lash,1,А112Т4.jpg,1,1400,0000,4,6,1,1,30
